<?xml version="1.0" encoding="ISO-8859-1" ?>
<link_info>
   <banner>TI ARM Linker PC v20.2.7.LTS</banner>
   <copyright>Copyright (c) 1996-2018 Texas Instruments Incorporated</copyright>
   <link_time>0x644014df</link_time>
   <link_errors>0x0</link_errors>
   <output_file>Lab1Button.out</output_file>
   <entry_point>
      <name>_c_int00_noinit_noargs</name>
      <address>0x565</address>
   </entry_point>
   <input_file_list>
      <input_file id="fl-2">
         <path>.\</path>
         <kind>object</kind>
         <file>lab1.obj</file>
         <name>lab1.obj</name>
      </input_file>
      <input_file id="fl-3">
         <path>.\</path>
         <kind>object</kind>
         <file>startup_ccs.obj</file>
         <name>startup_ccs.obj</name>
      </input_file>
      <input_file id="fl-8">
         <kind>object</kind>
         <file>&lt;internal&gt;</file>
         <name>&lt;internal&gt;</name>
      </input_file>
      <input_file id="fl-be">
         <path>C:\ti\ccs1210\ccs\tools\compiler\ti-cgt-arm_20.2.7.LTS\lib\</path>
         <kind>archive</kind>
         <file>rtsv7M4_T_le_v4SPD16_eabi.lib</file>
         <name>copy_zero_init.c.obj</name>
      </input_file>
      <input_file id="fl-bf">
         <path>C:\ti\ccs1210\ccs\tools\compiler\ti-cgt-arm_20.2.7.LTS\lib\</path>
         <kind>archive</kind>
         <file>rtsv7M4_T_le_v4SPD16_eabi.lib</file>
         <name>copy_decompress_none.c.obj</name>
      </input_file>
      <input_file id="fl-c0">
         <path>C:\ti\ccs1210\ccs\tools\compiler\ti-cgt-arm_20.2.7.LTS\lib\</path>
         <kind>archive</kind>
         <file>rtsv7M4_T_le_v4SPD16_eabi.lib</file>
         <name>copy_decompress_lzss.c.obj</name>
      </input_file>
      <input_file id="fl-c1">
         <path>C:\ti\ccs1210\ccs\tools\compiler\ti-cgt-arm_20.2.7.LTS\lib\</path>
         <kind>archive</kind>
         <file>rtsv7M4_T_le_v4SPD16_eabi.lib</file>
         <name>boot_cortex_m.c.obj</name>
      </input_file>
      <input_file id="fl-c2">
         <path>C:\ti\ccs1210\ccs\tools\compiler\ti-cgt-arm_20.2.7.LTS\lib\</path>
         <kind>archive</kind>
         <file>rtsv7M4_T_le_v4SPD16_eabi.lib</file>
         <name>memcpy_t2.asm.obj</name>
      </input_file>
      <input_file id="fl-c3">
         <path>C:\ti\ccs1210\ccs\tools\compiler\ti-cgt-arm_20.2.7.LTS\lib\</path>
         <kind>archive</kind>
         <file>rtsv7M4_T_le_v4SPD16_eabi.lib</file>
         <name>memset_t2.asm.obj</name>
      </input_file>
      <input_file id="fl-c4">
         <path>C:\ti\ccs1210\ccs\tools\compiler\ti-cgt-arm_20.2.7.LTS\lib\</path>
         <kind>archive</kind>
         <file>rtsv7M4_T_le_v4SPD16_eabi.lib</file>
         <name>autoinit.c.obj</name>
      </input_file>
      <input_file id="fl-c5">
         <path>C:\ti\ccs1210\ccs\tools\compiler\ti-cgt-arm_20.2.7.LTS\lib\</path>
         <kind>archive</kind>
         <file>rtsv7M4_T_le_v4SPD16_eabi.lib</file>
         <name>pre_init.c.obj</name>
      </input_file>
      <input_file id="fl-c6">
         <path>C:\ti\ccs1210\ccs\tools\compiler\ti-cgt-arm_20.2.7.LTS\lib\</path>
         <kind>archive</kind>
         <file>rtsv7M4_T_le_v4SPD16_eabi.lib</file>
         <name>cpy_tbl.c.obj</name>
      </input_file>
      <input_file id="fl-c7">
         <path>C:\ti\ccs1210\ccs\tools\compiler\ti-cgt-arm_20.2.7.LTS\lib\</path>
         <kind>archive</kind>
         <file>rtsv7M4_T_le_v4SPD16_eabi.lib</file>
         <name>exit.c.obj</name>
      </input_file>
      <input_file id="fl-c8">
         <path>C:\ti\ccs1210\ccs\tools\compiler\ti-cgt-arm_20.2.7.LTS\lib\</path>
         <kind>archive</kind>
         <file>rtsv7M4_T_le_v4SPD16_eabi.lib</file>
         <name>_lock.c.obj</name>
      </input_file>
      <input_file id="fl-c9">
         <path>C:\ti\ccs1210\ccs\tools\compiler\ti-cgt-arm_20.2.7.LTS\lib\</path>
         <kind>archive</kind>
         <file>rtsv7M4_T_le_v4SPD16_eabi.lib</file>
         <name>args_main.c.obj</name>
      </input_file>
      <input_file id="fl-ca">
         <path>C:\ti\tivaware_c_series_2_1_4_178\driverlib\ccs\Debug\</path>
         <kind>archive</kind>
         <file>driverlib.lib</file>
         <name>gpio.obj</name>
      </input_file>
      <input_file id="fl-cb">
         <path>C:\ti\tivaware_c_series_2_1_4_178\driverlib\ccs\Debug\</path>
         <kind>archive</kind>
         <file>driverlib.lib</file>
         <name>interrupt.obj</name>
      </input_file>
      <input_file id="fl-cc">
         <path>C:\ti\tivaware_c_series_2_1_4_178\driverlib\ccs\Debug\</path>
         <kind>archive</kind>
         <file>driverlib.lib</file>
         <name>sysctl.obj</name>
      </input_file>
      <input_file id="fl-cd">
         <path>C:\ti\tivaware_c_series_2_1_4_178\driverlib\ccs\Debug\</path>
         <kind>archive</kind>
         <file>driverlib.lib</file>
         <name>cpu.obj</name>
      </input_file>
   </input_file_list>
   <object_component_list>
      <object_component id="oc-12">
         <name>.intvecs</name>
         <load_address>0x0</load_address>
         <run_address>0x0</run_address>
         <size>0x26c</size>
         <input_file_ref idref="fl-3"/>
      </object_component>
      <object_component id="oc-b0">
         <name>.text:main</name>
         <load_address>0x26c</load_address>
         <run_address>0x26c</run_address>
         <size>0x158</size>
         <input_file_ref idref="fl-2"/>
      </object_component>
      <object_component id="oc-f5">
         <name>.text:GPIOPadConfigSet</name>
         <load_address>0x3c4</load_address>
         <run_address>0x3c4</run_address>
         <size>0x132</size>
         <input_file_ref idref="fl-ca"/>
      </object_component>
      <object_component id="oc-33">
         <name>.text:FaultISR</name>
         <load_address>0x4f6</load_address>
         <run_address>0x4f6</run_address>
         <size>0x2</size>
         <input_file_ref idref="fl-3"/>
      </object_component>
      <object_component id="oc-e3">
         <name>.text:SysCtlPeripheralReady</name>
         <load_address>0x4f8</load_address>
         <run_address>0x4f8</run_address>
         <size>0x38</size>
         <input_file_ref idref="fl-cc"/>
      </object_component>
      <object_component id="oc-dd">
         <name>.text:SysCtlPeripheralEnable</name>
         <load_address>0x530</load_address>
         <run_address>0x530</run_address>
         <size>0x34</size>
         <input_file_ref idref="fl-cc"/>
      </object_component>
      <object_component id="oc-65">
         <name>.text:_c_int00_noinit_noargs:_c_int00_noinit_noargs</name>
         <load_address>0x564</load_address>
         <run_address>0x564</run_address>
         <size>0x2c</size>
         <input_file_ref idref="fl-c1"/>
      </object_component>
      <object_component id="oc-151">
         <name>.text:GPIODirModeSet</name>
         <load_address>0x590</load_address>
         <run_address>0x590</run_address>
         <size>0x2a</size>
         <input_file_ref idref="fl-ca"/>
      </object_component>
      <object_component id="oc-e9">
         <name>.text:GPIOPinTypeGPIOOutput</name>
         <load_address>0x5ba</load_address>
         <run_address>0x5ba</run_address>
         <size>0x18</size>
         <input_file_ref idref="fl-ca"/>
      </object_component>
      <object_component id="oc-ef">
         <name>.text:GPIOPinTypeGPIOInput</name>
         <load_address>0x5d2</load_address>
         <run_address>0x5d2</run_address>
         <size>0x12</size>
         <input_file_ref idref="fl-ca"/>
      </object_component>
      <object_component id="oc-fb">
         <name>.text:GPIOPinRead</name>
         <load_address>0x5e4</load_address>
         <run_address>0x5e4</run_address>
         <size>0x6</size>
         <input_file_ref idref="fl-ca"/>
      </object_component>
      <object_component id="oc-102">
         <name>.text:GPIOPinWrite</name>
         <load_address>0x5ea</load_address>
         <run_address>0x5ea</run_address>
         <size>0x6</size>
         <input_file_ref idref="fl-ca"/>
      </object_component>
      <object_component id="oc-27">
         <name>.text:ResetISR</name>
         <load_address>0x5f0</load_address>
         <run_address>0x5f0</run_address>
         <size>0x6</size>
         <input_file_ref idref="fl-3"/>
      </object_component>
      <object_component id="oc-101">
         <name>.text:SysCtlDelay</name>
         <load_address>0x5f6</load_address>
         <run_address>0x5f6</run_address>
         <size>0x6</size>
         <input_file_ref idref="fl-cc"/>
      </object_component>
      <object_component id="oc-aa">
         <name>.text:_system_pre_init</name>
         <load_address>0x5fc</load_address>
         <run_address>0x5fc</run_address>
         <size>0x4</size>
         <input_file_ref idref="fl-c5"/>
      </object_component>
      <object_component id="oc-109">
         <name>.text:abort:abort</name>
         <load_address>0x600</load_address>
         <run_address>0x600</run_address>
         <size>0x4</size>
         <input_file_ref idref="fl-c7"/>
      </object_component>
      <object_component id="oc-39">
         <name>.text:IntDefaultHandler</name>
         <load_address>0x604</load_address>
         <run_address>0x604</run_address>
         <size>0x2</size>
         <input_file_ref idref="fl-3"/>
      </object_component>
      <object_component id="oc-2d">
         <name>.text:NmiSR</name>
         <load_address>0x606</load_address>
         <run_address>0x606</run_address>
         <size>0x2</size>
         <input_file_ref idref="fl-3"/>
      </object_component>
      <object_component id="oc-24">
         <name>.stack</name>
         <uninitialized>true</uninitialized>
         <run_address>0x20000000</run_address>
         <size>0x4</size>
         <input_file_ref idref="fl-c1"/>
      </object_component>
      <object_component id="oc-1e2">
         <name>.stack</name>
         <uninitialized>true</uninitialized>
         <run_address>0x20000000</run_address>
         <size>0x0</size>
      </object_component>
      <object_component id="oc-cc">
         <name>.debug_info</name>
         <load_address>0x0</load_address>
         <run_address>0x0</run_address>
         <size>0x463</size>
         <input_file_ref idref="fl-2"/>
      </object_component>
      <object_component id="oc-b1">
         <name>.debug_info</name>
         <load_address>0x463</load_address>
         <run_address>0x463</run_address>
         <size>0x2fd</size>
         <input_file_ref idref="fl-2"/>
      </object_component>
      <object_component id="oc-85">
         <name>.debug_info</name>
         <load_address>0x760</load_address>
         <run_address>0x760</run_address>
         <size>0x26b</size>
         <input_file_ref idref="fl-2"/>
      </object_component>
      <object_component id="oc-c7">
         <name>.debug_info</name>
         <load_address>0x9cb</load_address>
         <run_address>0x9cb</run_address>
         <size>0x8b</size>
         <input_file_ref idref="fl-2"/>
      </object_component>
      <object_component id="oc-c2">
         <name>.debug_info</name>
         <load_address>0xa56</load_address>
         <run_address>0xa56</run_address>
         <size>0x2a4</size>
         <input_file_ref idref="fl-2"/>
      </object_component>
      <object_component id="oc-8a">
         <name>.debug_info</name>
         <load_address>0xcfa</load_address>
         <run_address>0xcfa</run_address>
         <size>0xbb</size>
         <input_file_ref idref="fl-2"/>
      </object_component>
      <object_component id="oc-41">
         <name>.debug_info</name>
         <load_address>0xdb5</load_address>
         <run_address>0xdb5</run_address>
         <size>0x2d4</size>
         <input_file_ref idref="fl-3"/>
      </object_component>
      <object_component id="oc-13">
         <name>.debug_info</name>
         <load_address>0x1089</load_address>
         <run_address>0x1089</run_address>
         <size>0x113</size>
         <input_file_ref idref="fl-3"/>
      </object_component>
      <object_component id="oc-29">
         <name>.debug_info</name>
         <load_address>0x119c</load_address>
         <run_address>0x119c</run_address>
         <size>0x143</size>
         <input_file_ref idref="fl-3"/>
      </object_component>
      <object_component id="oc-2e">
         <name>.debug_info</name>
         <load_address>0x12df</load_address>
         <run_address>0x12df</run_address>
         <size>0x132</size>
         <input_file_ref idref="fl-3"/>
      </object_component>
      <object_component id="oc-3b">
         <name>.debug_info</name>
         <load_address>0x1411</load_address>
         <run_address>0x1411</run_address>
         <size>0x14c</size>
         <input_file_ref idref="fl-3"/>
      </object_component>
      <object_component id="oc-34">
         <name>.debug_info</name>
         <load_address>0x155d</load_address>
         <run_address>0x155d</run_address>
         <size>0x13a</size>
         <input_file_ref idref="fl-3"/>
      </object_component>
      <object_component id="oc-48">
         <name>.debug_info</name>
         <load_address>0x1697</load_address>
         <run_address>0x1697</run_address>
         <size>0x84</size>
         <input_file_ref idref="fl-3"/>
      </object_component>
      <object_component id="oc-25">
         <name>.debug_info</name>
         <load_address>0x171b</load_address>
         <run_address>0x171b</run_address>
         <size>0x10b</size>
         <input_file_ref idref="fl-c1"/>
      </object_component>
      <object_component id="oc-69">
         <name>.debug_info</name>
         <load_address>0x1826</load_address>
         <run_address>0x1826</run_address>
         <size>0x1a2</size>
         <input_file_ref idref="fl-c1"/>
      </object_component>
      <object_component id="oc-ab">
         <name>.debug_info</name>
         <load_address>0x19c8</load_address>
         <run_address>0x19c8</run_address>
         <size>0x153</size>
         <input_file_ref idref="fl-c5"/>
      </object_component>
      <object_component id="oc-10c">
         <name>.debug_info</name>
         <load_address>0x1b1b</load_address>
         <run_address>0x1b1b</run_address>
         <size>0x122</size>
         <input_file_ref idref="fl-c7"/>
      </object_component>
      <object_component id="oc-158">
         <name>.debug_info</name>
         <load_address>0x1c3d</load_address>
         <run_address>0x1c3d</run_address>
         <size>0x240</size>
         <input_file_ref idref="fl-ca"/>
      </object_component>
      <object_component id="oc-104">
         <name>.debug_info</name>
         <load_address>0x1e7d</load_address>
         <run_address>0x1e7d</run_address>
         <size>0x2a3</size>
         <input_file_ref idref="fl-ca"/>
      </object_component>
      <object_component id="oc-153">
         <name>.debug_info</name>
         <load_address>0x2120</load_address>
         <run_address>0x2120</run_address>
         <size>0x2b3</size>
         <input_file_ref idref="fl-ca"/>
      </object_component>
      <object_component id="oc-f7">
         <name>.debug_info</name>
         <load_address>0x23d3</load_address>
         <run_address>0x23d3</run_address>
         <size>0x316</size>
         <input_file_ref idref="fl-ca"/>
      </object_component>
      <object_component id="oc-ea">
         <name>.debug_info</name>
         <load_address>0x26e9</load_address>
         <run_address>0x26e9</run_address>
         <size>0x2b7</size>
         <input_file_ref idref="fl-ca"/>
      </object_component>
      <object_component id="oc-f0">
         <name>.debug_info</name>
         <load_address>0x29a0</load_address>
         <run_address>0x29a0</run_address>
         <size>0x285</size>
         <input_file_ref idref="fl-ca"/>
      </object_component>
      <object_component id="oc-fc">
         <name>.debug_info</name>
         <load_address>0x2c25</load_address>
         <run_address>0x2c25</run_address>
         <size>0x27b</size>
         <input_file_ref idref="fl-ca"/>
      </object_component>
      <object_component id="oc-14a">
         <name>.debug_info</name>
         <load_address>0x2ea0</load_address>
         <run_address>0x2ea0</run_address>
         <size>0x18b</size>
         <input_file_ref idref="fl-ca"/>
      </object_component>
      <object_component id="oc-14f">
         <name>.debug_info</name>
         <load_address>0x302b</load_address>
         <run_address>0x302b</run_address>
         <size>0x298</size>
         <input_file_ref idref="fl-cc"/>
      </object_component>
      <object_component id="oc-e4">
         <name>.debug_info</name>
         <load_address>0x32c3</load_address>
         <run_address>0x32c3</run_address>
         <size>0x27f</size>
         <input_file_ref idref="fl-cc"/>
      </object_component>
      <object_component id="oc-de">
         <name>.debug_info</name>
         <load_address>0x3542</load_address>
         <run_address>0x3542</run_address>
         <size>0x27d</size>
         <input_file_ref idref="fl-cc"/>
      </object_component>
      <object_component id="oc-17f">
         <name>.debug_info</name>
         <load_address>0x37bf</load_address>
         <run_address>0x37bf</run_address>
         <size>0x5f</size>
         <input_file_ref idref="fl-cc"/>
      </object_component>
      <object_component id="oc-1e3">
         <name>.debug_info</name>
         <load_address>0x381e</load_address>
         <run_address>0x381e</run_address>
         <size>0xd3</size>
      </object_component>
      <object_component id="oc-148">
         <name>.debug_line</name>
         <load_address>0x0</load_address>
         <run_address>0x0</run_address>
         <size>0x8e</size>
         <input_file_ref idref="fl-2"/>
      </object_component>
      <object_component id="oc-b5">
         <name>.debug_line</name>
         <load_address>0x8e</load_address>
         <run_address>0x8e</run_address>
         <size>0x126</size>
         <input_file_ref idref="fl-2"/>
      </object_component>
      <object_component id="oc-88">
         <name>.debug_line</name>
         <load_address>0x1b4</load_address>
         <run_address>0x1b4</run_address>
         <size>0x6f</size>
         <input_file_ref idref="fl-2"/>
      </object_component>
      <object_component id="oc-ca">
         <name>.debug_line</name>
         <load_address>0x223</load_address>
         <run_address>0x223</run_address>
         <size>0x20</size>
         <input_file_ref idref="fl-2"/>
      </object_component>
      <object_component id="oc-c5">
         <name>.debug_line</name>
         <load_address>0x243</load_address>
         <run_address>0x243</run_address>
         <size>0x73</size>
         <input_file_ref idref="fl-2"/>
      </object_component>
      <object_component id="oc-8d">
         <name>.debug_line</name>
         <load_address>0x2b6</load_address>
         <run_address>0x2b6</run_address>
         <size>0x70</size>
         <input_file_ref idref="fl-2"/>
      </object_component>
      <object_component id="oc-84">
         <name>.debug_line</name>
         <load_address>0x326</load_address>
         <run_address>0x326</run_address>
         <size>0x34</size>
         <input_file_ref idref="fl-3"/>
      </object_component>
      <object_component id="oc-40">
         <name>.debug_line</name>
         <load_address>0x35a</load_address>
         <run_address>0x35a</run_address>
         <size>0x34</size>
         <input_file_ref idref="fl-3"/>
      </object_component>
      <object_component id="oc-28">
         <name>.debug_line</name>
         <load_address>0x38e</load_address>
         <run_address>0x38e</run_address>
         <size>0x46</size>
         <input_file_ref idref="fl-3"/>
      </object_component>
      <object_component id="oc-31">
         <name>.debug_line</name>
         <load_address>0x3d4</load_address>
         <run_address>0x3d4</run_address>
         <size>0x49</size>
         <input_file_ref idref="fl-3"/>
      </object_component>
      <object_component id="oc-3a">
         <name>.debug_line</name>
         <load_address>0x41d</load_address>
         <run_address>0x41d</run_address>
         <size>0x49</size>
         <input_file_ref idref="fl-3"/>
      </object_component>
      <object_component id="oc-37">
         <name>.debug_line</name>
         <load_address>0x466</load_address>
         <run_address>0x466</run_address>
         <size>0x49</size>
         <input_file_ref idref="fl-3"/>
      </object_component>
      <object_component id="oc-4b">
         <name>.debug_line</name>
         <load_address>0x4af</load_address>
         <run_address>0x4af</run_address>
         <size>0x20</size>
         <input_file_ref idref="fl-3"/>
      </object_component>
      <object_component id="oc-7e">
         <name>.debug_line</name>
         <load_address>0x4cf</load_address>
         <run_address>0x4cf</run_address>
         <size>0x33</size>
         <input_file_ref idref="fl-c1"/>
      </object_component>
      <object_component id="oc-67">
         <name>.debug_line</name>
         <load_address>0x502</load_address>
         <run_address>0x502</run_address>
         <size>0x48</size>
         <input_file_ref idref="fl-c1"/>
      </object_component>
      <object_component id="oc-ae">
         <name>.debug_line</name>
         <load_address>0x54a</load_address>
         <run_address>0x54a</run_address>
         <size>0x40</size>
         <input_file_ref idref="fl-c5"/>
      </object_component>
      <object_component id="oc-10e">
         <name>.debug_line</name>
         <load_address>0x58a</load_address>
         <run_address>0x58a</run_address>
         <size>0x3c</size>
         <input_file_ref idref="fl-c7"/>
      </object_component>
      <object_component id="oc-186">
         <name>.debug_line</name>
         <load_address>0x5c6</load_address>
         <run_address>0x5c6</run_address>
         <size>0x82</size>
         <input_file_ref idref="fl-ca"/>
      </object_component>
      <object_component id="oc-103">
         <name>.debug_line</name>
         <load_address>0x648</load_address>
         <run_address>0x648</run_address>
         <size>0x92</size>
         <input_file_ref idref="fl-ca"/>
      </object_component>
      <object_component id="oc-152">
         <name>.debug_line</name>
         <load_address>0x6da</load_address>
         <run_address>0x6da</run_address>
         <size>0x95</size>
         <input_file_ref idref="fl-ca"/>
      </object_component>
      <object_component id="oc-f6">
         <name>.debug_line</name>
         <load_address>0x76f</load_address>
         <run_address>0x76f</run_address>
         <size>0xd1</size>
         <input_file_ref idref="fl-ca"/>
      </object_component>
      <object_component id="oc-ee">
         <name>.debug_line</name>
         <load_address>0x840</load_address>
         <run_address>0x840</run_address>
         <size>0x99</size>
         <input_file_ref idref="fl-ca"/>
      </object_component>
      <object_component id="oc-f4">
         <name>.debug_line</name>
         <load_address>0x8d9</load_address>
         <run_address>0x8d9</run_address>
         <size>0x93</size>
         <input_file_ref idref="fl-ca"/>
      </object_component>
      <object_component id="oc-100">
         <name>.debug_line</name>
         <load_address>0x96c</load_address>
         <run_address>0x96c</run_address>
         <size>0x92</size>
         <input_file_ref idref="fl-ca"/>
      </object_component>
      <object_component id="oc-14d">
         <name>.debug_line</name>
         <load_address>0x9fe</load_address>
         <run_address>0x9fe</run_address>
         <size>0x69</size>
         <input_file_ref idref="fl-ca"/>
      </object_component>
      <object_component id="oc-17e">
         <name>.debug_line</name>
         <load_address>0xa67</load_address>
         <run_address>0xa67</run_address>
         <size>0x13d</size>
         <input_file_ref idref="fl-cc"/>
      </object_component>
      <object_component id="oc-e7">
         <name>.debug_line</name>
         <load_address>0xba4</load_address>
         <run_address>0xba4</run_address>
         <size>0x94</size>
         <input_file_ref idref="fl-cc"/>
      </object_component>
      <object_component id="oc-e1">
         <name>.debug_line</name>
         <load_address>0xc38</load_address>
         <run_address>0xc38</run_address>
         <size>0x94</size>
         <input_file_ref idref="fl-cc"/>
      </object_component>
      <object_component id="oc-182">
         <name>.debug_line</name>
         <load_address>0xccc</load_address>
         <run_address>0xccc</run_address>
         <size>0x7f</size>
         <input_file_ref idref="fl-cc"/>
      </object_component>
      <object_component id="oc-b4">
         <name>.debug_frame</name>
         <load_address>0x0</load_address>
         <run_address>0x0</run_address>
         <size>0x70</size>
         <input_file_ref idref="fl-2"/>
      </object_component>
      <object_component id="oc-2c">
         <name>.debug_frame</name>
         <load_address>0x70</load_address>
         <run_address>0x70</run_address>
         <size>0x54</size>
         <input_file_ref idref="fl-3"/>
      </object_component>
      <object_component id="oc-32">
         <name>.debug_frame</name>
         <load_address>0xc4</load_address>
         <run_address>0xc4</run_address>
         <size>0x54</size>
         <input_file_ref idref="fl-3"/>
      </object_component>
      <object_component id="oc-3e">
         <name>.debug_frame</name>
         <load_address>0x118</load_address>
         <run_address>0x118</run_address>
         <size>0x54</size>
         <input_file_ref idref="fl-3"/>
      </object_component>
      <object_component id="oc-38">
         <name>.debug_frame</name>
         <load_address>0x16c</load_address>
         <run_address>0x16c</run_address>
         <size>0x54</size>
         <input_file_ref idref="fl-3"/>
      </object_component>
      <object_component id="oc-66">
         <name>.debug_frame</name>
         <load_address>0x1c0</load_address>
         <run_address>0x1c0</run_address>
         <size>0x50</size>
         <input_file_ref idref="fl-c1"/>
      </object_component>
      <object_component id="oc-af">
         <name>.debug_frame</name>
         <load_address>0x210</load_address>
         <run_address>0x210</run_address>
         <size>0x54</size>
         <input_file_ref idref="fl-c5"/>
      </object_component>
      <object_component id="oc-10b">
         <name>.debug_frame</name>
         <load_address>0x264</load_address>
         <run_address>0x264</run_address>
         <size>0x54</size>
         <input_file_ref idref="fl-c7"/>
      </object_component>
      <object_component id="oc-107">
         <name>.debug_frame</name>
         <load_address>0x2b8</load_address>
         <run_address>0x2b8</run_address>
         <size>0x7f</size>
         <input_file_ref idref="fl-ca"/>
      </object_component>
      <object_component id="oc-156">
         <name>.debug_frame</name>
         <load_address>0x337</load_address>
         <run_address>0x337</run_address>
         <size>0x7f</size>
         <input_file_ref idref="fl-ca"/>
      </object_component>
      <object_component id="oc-fa">
         <name>.debug_frame</name>
         <load_address>0x3b6</load_address>
         <run_address>0x3b6</run_address>
         <size>0x8f</size>
         <input_file_ref idref="fl-ca"/>
      </object_component>
      <object_component id="oc-ed">
         <name>.debug_frame</name>
         <load_address>0x445</load_address>
         <run_address>0x445</run_address>
         <size>0x8a</size>
         <input_file_ref idref="fl-ca"/>
      </object_component>
      <object_component id="oc-f3">
         <name>.debug_frame</name>
         <load_address>0x4cf</load_address>
         <run_address>0x4cf</run_address>
         <size>0x86</size>
         <input_file_ref idref="fl-ca"/>
      </object_component>
      <object_component id="oc-ff">
         <name>.debug_frame</name>
         <load_address>0x555</load_address>
         <run_address>0x555</run_address>
         <size>0x7f</size>
         <input_file_ref idref="fl-ca"/>
      </object_component>
      <object_component id="oc-e8">
         <name>.debug_frame</name>
         <load_address>0x5d4</load_address>
         <run_address>0x5d4</run_address>
         <size>0x7f</size>
         <input_file_ref idref="fl-cc"/>
      </object_component>
      <object_component id="oc-e2">
         <name>.debug_frame</name>
         <load_address>0x653</load_address>
         <run_address>0x653</run_address>
         <size>0x7f</size>
         <input_file_ref idref="fl-cc"/>
      </object_component>
      <object_component id="oc-147">
         <name>.debug_abbrev</name>
         <load_address>0x0</load_address>
         <run_address>0x0</run_address>
         <size>0x91</size>
         <input_file_ref idref="fl-2"/>
      </object_component>
      <object_component id="oc-108">
         <name>.debug_abbrev</name>
         <load_address>0x91</load_address>
         <run_address>0x91</run_address>
         <size>0x62</size>
         <input_file_ref idref="fl-2"/>
      </object_component>
      <object_component id="oc-87">
         <name>.debug_abbrev</name>
         <load_address>0xf3</load_address>
         <run_address>0xf3</run_address>
         <size>0x69</size>
         <input_file_ref idref="fl-2"/>
      </object_component>
      <object_component id="oc-c9">
         <name>.debug_abbrev</name>
         <load_address>0x15c</load_address>
         <run_address>0x15c</run_address>
         <size>0x1f</size>
         <input_file_ref idref="fl-2"/>
      </object_component>
      <object_component id="oc-c4">
         <name>.debug_abbrev</name>
         <load_address>0x17b</load_address>
         <run_address>0x17b</run_address>
         <size>0x5c</size>
         <input_file_ref idref="fl-2"/>
      </object_component>
      <object_component id="oc-8c">
         <name>.debug_abbrev</name>
         <load_address>0x1d7</load_address>
         <run_address>0x1d7</run_address>
         <size>0x24</size>
         <input_file_ref idref="fl-2"/>
      </object_component>
      <object_component id="oc-83">
         <name>.debug_abbrev</name>
         <load_address>0x1fb</load_address>
         <run_address>0x1fb</run_address>
         <size>0x68</size>
         <input_file_ref idref="fl-3"/>
      </object_component>
      <object_component id="oc-3f">
         <name>.debug_abbrev</name>
         <load_address>0x263</load_address>
         <run_address>0x263</run_address>
         <size>0x29</size>
         <input_file_ref idref="fl-3"/>
      </object_component>
      <object_component id="oc-7f">
         <name>.debug_abbrev</name>
         <load_address>0x28c</load_address>
         <run_address>0x28c</run_address>
         <size>0x50</size>
         <input_file_ref idref="fl-3"/>
      </object_component>
      <object_component id="oc-80">
         <name>.debug_abbrev</name>
         <load_address>0x2dc</load_address>
         <run_address>0x2dc</run_address>
         <size>0x40</size>
         <input_file_ref idref="fl-3"/>
      </object_component>
      <object_component id="oc-82">
         <name>.debug_abbrev</name>
         <load_address>0x31c</load_address>
         <run_address>0x31c</run_address>
         <size>0x40</size>
         <input_file_ref idref="fl-3"/>
      </object_component>
      <object_component id="oc-81">
         <name>.debug_abbrev</name>
         <load_address>0x35c</load_address>
         <run_address>0x35c</run_address>
         <size>0x40</size>
         <input_file_ref idref="fl-3"/>
      </object_component>
      <object_component id="oc-4a">
         <name>.debug_abbrev</name>
         <load_address>0x39c</load_address>
         <run_address>0x39c</run_address>
         <size>0x1f</size>
         <input_file_ref idref="fl-3"/>
      </object_component>
      <object_component id="oc-7d">
         <name>.debug_abbrev</name>
         <load_address>0x3bb</load_address>
         <run_address>0x3bb</run_address>
         <size>0x29</size>
         <input_file_ref idref="fl-c1"/>
      </object_component>
      <object_component id="oc-b7">
         <name>.debug_abbrev</name>
         <load_address>0x3e4</load_address>
         <run_address>0x3e4</run_address>
         <size>0x55</size>
         <input_file_ref idref="fl-c1"/>
      </object_component>
      <object_component id="oc-dc">
         <name>.debug_abbrev</name>
         <load_address>0x439</load_address>
         <run_address>0x439</run_address>
         <size>0x55</size>
         <input_file_ref idref="fl-c5"/>
      </object_component>
      <object_component id="oc-15d">
         <name>.debug_abbrev</name>
         <load_address>0x48e</load_address>
         <run_address>0x48e</run_address>
         <size>0x45</size>
         <input_file_ref idref="fl-c7"/>
      </object_component>
      <object_component id="oc-185">
         <name>.debug_abbrev</name>
         <load_address>0x4d3</load_address>
         <run_address>0x4d3</run_address>
         <size>0x72</size>
         <input_file_ref idref="fl-ca"/>
      </object_component>
      <object_component id="oc-15c">
         <name>.debug_abbrev</name>
         <load_address>0x545</load_address>
         <run_address>0x545</run_address>
         <size>0x6c</size>
         <input_file_ref idref="fl-ca"/>
      </object_component>
      <object_component id="oc-184">
         <name>.debug_abbrev</name>
         <load_address>0x5b1</load_address>
         <run_address>0x5b1</run_address>
         <size>0x6c</size>
         <input_file_ref idref="fl-ca"/>
      </object_component>
      <object_component id="oc-15a">
         <name>.debug_abbrev</name>
         <load_address>0x61d</load_address>
         <run_address>0x61d</run_address>
         <size>0x6c</size>
         <input_file_ref idref="fl-ca"/>
      </object_component>
      <object_component id="oc-157">
         <name>.debug_abbrev</name>
         <load_address>0x689</load_address>
         <run_address>0x689</run_address>
         <size>0x7a</size>
         <input_file_ref idref="fl-ca"/>
      </object_component>
      <object_component id="oc-159">
         <name>.debug_abbrev</name>
         <load_address>0x703</load_address>
         <run_address>0x703</run_address>
         <size>0x6c</size>
         <input_file_ref idref="fl-ca"/>
      </object_component>
      <object_component id="oc-15b">
         <name>.debug_abbrev</name>
         <load_address>0x76f</load_address>
         <run_address>0x76f</run_address>
         <size>0x6e</size>
         <input_file_ref idref="fl-ca"/>
      </object_component>
      <object_component id="oc-14c">
         <name>.debug_abbrev</name>
         <load_address>0x7dd</load_address>
         <run_address>0x7dd</run_address>
         <size>0x35</size>
         <input_file_ref idref="fl-ca"/>
      </object_component>
      <object_component id="oc-17d">
         <name>.debug_abbrev</name>
         <load_address>0x812</load_address>
         <run_address>0x812</run_address>
         <size>0xb0</size>
         <input_file_ref idref="fl-cc"/>
      </object_component>
      <object_component id="oc-150">
         <name>.debug_abbrev</name>
         <load_address>0x8c2</load_address>
         <run_address>0x8c2</run_address>
         <size>0x6e</size>
         <input_file_ref idref="fl-cc"/>
      </object_component>
      <object_component id="oc-149">
         <name>.debug_abbrev</name>
         <load_address>0x930</load_address>
         <run_address>0x930</run_address>
         <size>0x6c</size>
         <input_file_ref idref="fl-cc"/>
      </object_component>
      <object_component id="oc-181">
         <name>.debug_abbrev</name>
         <load_address>0x99c</load_address>
         <run_address>0x99c</run_address>
         <size>0x49</size>
         <input_file_ref idref="fl-cc"/>
      </object_component>
      <object_component id="oc-1e4">
         <name>.debug_abbrev</name>
         <load_address>0x9e5</load_address>
         <run_address>0x9e5</run_address>
         <size>0xf</size>
      </object_component>
      <object_component id="oc-89">
         <name>.debug_str</name>
         <load_address>0x0</load_address>
         <run_address>0x0</run_address>
         <size>0x2e4</size>
         <input_file_ref idref="fl-2"/>
      </object_component>
      <object_component id="oc-cb">
         <name>.debug_str</name>
         <load_address>0x2e4</load_address>
         <run_address>0x2e4</run_address>
         <size>0xfd</size>
         <input_file_ref idref="fl-2"/>
      </object_component>
      <object_component id="oc-c6">
         <name>.debug_str</name>
         <load_address>0x3e1</load_address>
         <run_address>0x3e1</run_address>
         <size>0x37a</size>
         <input_file_ref idref="fl-2"/>
      </object_component>
      <object_component id="oc-8e">
         <name>.debug_str</name>
         <load_address>0x75b</load_address>
         <run_address>0x75b</run_address>
         <size>0x17c</size>
         <input_file_ref idref="fl-2"/>
      </object_component>
      <object_component id="oc-4c">
         <name>.debug_str</name>
         <load_address>0x8d7</load_address>
         <run_address>0x8d7</run_address>
         <size>0xfd</size>
         <input_file_ref idref="fl-3"/>
      </object_component>
      <object_component id="oc-14e">
         <name>.debug_str</name>
         <load_address>0x9d4</load_address>
         <run_address>0x9d4</run_address>
         <size>0x241</size>
         <input_file_ref idref="fl-ca"/>
      </object_component>
      <object_component id="oc-183">
         <name>.debug_str</name>
         <load_address>0xc15</load_address>
         <run_address>0xc15</run_address>
         <size>0x141</size>
         <input_file_ref idref="fl-cc"/>
      </object_component>
      <object_component id="oc-b2">
         <name>.debug_aranges</name>
         <load_address>0x0</load_address>
         <run_address>0x0</run_address>
         <size>0x20</size>
         <input_file_ref idref="fl-2"/>
      </object_component>
      <object_component id="oc-2b">
         <name>.debug_aranges</name>
         <load_address>0x20</load_address>
         <run_address>0x20</run_address>
         <size>0x20</size>
         <input_file_ref idref="fl-3"/>
      </object_component>
      <object_component id="oc-2f">
         <name>.debug_aranges</name>
         <load_address>0x40</load_address>
         <run_address>0x40</run_address>
         <size>0x20</size>
         <input_file_ref idref="fl-3"/>
      </object_component>
      <object_component id="oc-3d">
         <name>.debug_aranges</name>
         <load_address>0x60</load_address>
         <run_address>0x60</run_address>
         <size>0x20</size>
         <input_file_ref idref="fl-3"/>
      </object_component>
      <object_component id="oc-35">
         <name>.debug_aranges</name>
         <load_address>0x80</load_address>
         <run_address>0x80</run_address>
         <size>0x20</size>
         <input_file_ref idref="fl-3"/>
      </object_component>
      <object_component id="oc-68">
         <name>.debug_aranges</name>
         <load_address>0xa0</load_address>
         <run_address>0xa0</run_address>
         <size>0x20</size>
         <input_file_ref idref="fl-c1"/>
      </object_component>
      <object_component id="oc-ac">
         <name>.debug_aranges</name>
         <load_address>0xc0</load_address>
         <run_address>0xc0</run_address>
         <size>0x20</size>
         <input_file_ref idref="fl-c5"/>
      </object_component>
      <object_component id="oc-10a">
         <name>.debug_aranges</name>
         <load_address>0xe0</load_address>
         <run_address>0xe0</run_address>
         <size>0x20</size>
         <input_file_ref idref="fl-c7"/>
      </object_component>
      <object_component id="oc-105">
         <name>.debug_aranges</name>
         <load_address>0x100</load_address>
         <run_address>0x100</run_address>
         <size>0x20</size>
         <input_file_ref idref="fl-ca"/>
      </object_component>
      <object_component id="oc-154">
         <name>.debug_aranges</name>
         <load_address>0x120</load_address>
         <run_address>0x120</run_address>
         <size>0x20</size>
         <input_file_ref idref="fl-ca"/>
      </object_component>
      <object_component id="oc-f8">
         <name>.debug_aranges</name>
         <load_address>0x140</load_address>
         <run_address>0x140</run_address>
         <size>0x20</size>
         <input_file_ref idref="fl-ca"/>
      </object_component>
      <object_component id="oc-eb">
         <name>.debug_aranges</name>
         <load_address>0x160</load_address>
         <run_address>0x160</run_address>
         <size>0x20</size>
         <input_file_ref idref="fl-ca"/>
      </object_component>
      <object_component id="oc-f1">
         <name>.debug_aranges</name>
         <load_address>0x180</load_address>
         <run_address>0x180</run_address>
         <size>0x20</size>
         <input_file_ref idref="fl-ca"/>
      </object_component>
      <object_component id="oc-fd">
         <name>.debug_aranges</name>
         <load_address>0x1a0</load_address>
         <run_address>0x1a0</run_address>
         <size>0x20</size>
         <input_file_ref idref="fl-ca"/>
      </object_component>
      <object_component id="oc-e6">
         <name>.debug_aranges</name>
         <load_address>0x1c0</load_address>
         <run_address>0x1c0</run_address>
         <size>0x20</size>
         <input_file_ref idref="fl-cc"/>
      </object_component>
      <object_component id="oc-e0">
         <name>.debug_aranges</name>
         <load_address>0x1e0</load_address>
         <run_address>0x1e0</run_address>
         <size>0x20</size>
         <input_file_ref idref="fl-cc"/>
      </object_component>
      <object_component id="oc-b3">
         <name>.debug_pubnames</name>
         <load_address>0x0</load_address>
         <run_address>0x0</run_address>
         <size>0x1b</size>
         <input_file_ref idref="fl-2"/>
      </object_component>
      <object_component id="oc-14">
         <name>.debug_pubnames</name>
         <load_address>0x1b</load_address>
         <run_address>0x1b</run_address>
         <size>0x23</size>
         <input_file_ref idref="fl-3"/>
      </object_component>
      <object_component id="oc-2a">
         <name>.debug_pubnames</name>
         <load_address>0x3e</load_address>
         <run_address>0x3e</run_address>
         <size>0x1f</size>
         <input_file_ref idref="fl-3"/>
      </object_component>
      <object_component id="oc-30">
         <name>.debug_pubnames</name>
         <load_address>0x5d</load_address>
         <run_address>0x5d</run_address>
         <size>0x1c</size>
         <input_file_ref idref="fl-3"/>
      </object_component>
      <object_component id="oc-3c">
         <name>.debug_pubnames</name>
         <load_address>0x79</load_address>
         <run_address>0x79</run_address>
         <size>0x28</size>
         <input_file_ref idref="fl-3"/>
      </object_component>
      <object_component id="oc-36">
         <name>.debug_pubnames</name>
         <load_address>0xa1</load_address>
         <run_address>0xa1</run_address>
         <size>0x1f</size>
         <input_file_ref idref="fl-3"/>
      </object_component>
      <object_component id="oc-26">
         <name>.debug_pubnames</name>
         <load_address>0xc0</load_address>
         <run_address>0xc0</run_address>
         <size>0x1e</size>
         <input_file_ref idref="fl-c1"/>
      </object_component>
      <object_component id="oc-6a">
         <name>.debug_pubnames</name>
         <load_address>0xde</load_address>
         <run_address>0xde</run_address>
         <size>0x2d</size>
         <input_file_ref idref="fl-c1"/>
      </object_component>
      <object_component id="oc-ad">
         <name>.debug_pubnames</name>
         <load_address>0x10b</load_address>
         <run_address>0x10b</run_address>
         <size>0x27</size>
         <input_file_ref idref="fl-c5"/>
      </object_component>
      <object_component id="oc-10d">
         <name>.debug_pubnames</name>
         <load_address>0x132</load_address>
         <run_address>0x132</run_address>
         <size>0x1c</size>
         <input_file_ref idref="fl-c7"/>
      </object_component>
      <object_component id="oc-106">
         <name>.debug_pubnames</name>
         <load_address>0x14e</load_address>
         <run_address>0x14e</run_address>
         <size>0x23</size>
         <input_file_ref idref="fl-ca"/>
      </object_component>
      <object_component id="oc-155">
         <name>.debug_pubnames</name>
         <load_address>0x171</load_address>
         <run_address>0x171</run_address>
         <size>0x25</size>
         <input_file_ref idref="fl-ca"/>
      </object_component>
      <object_component id="oc-f9">
         <name>.debug_pubnames</name>
         <load_address>0x196</load_address>
         <run_address>0x196</run_address>
         <size>0x27</size>
         <input_file_ref idref="fl-ca"/>
      </object_component>
      <object_component id="oc-ec">
         <name>.debug_pubnames</name>
         <load_address>0x1bd</load_address>
         <run_address>0x1bd</run_address>
         <size>0x2c</size>
         <input_file_ref idref="fl-ca"/>
      </object_component>
      <object_component id="oc-f2">
         <name>.debug_pubnames</name>
         <load_address>0x1e9</load_address>
         <run_address>0x1e9</run_address>
         <size>0x2b</size>
         <input_file_ref idref="fl-ca"/>
      </object_component>
      <object_component id="oc-fe">
         <name>.debug_pubnames</name>
         <load_address>0x214</load_address>
         <run_address>0x214</run_address>
         <size>0x22</size>
         <input_file_ref idref="fl-ca"/>
      </object_component>
      <object_component id="oc-e5">
         <name>.debug_pubnames</name>
         <load_address>0x236</load_address>
         <run_address>0x236</run_address>
         <size>0x2c</size>
         <input_file_ref idref="fl-cc"/>
      </object_component>
      <object_component id="oc-df">
         <name>.debug_pubnames</name>
         <load_address>0x262</load_address>
         <run_address>0x262</run_address>
         <size>0x2d</size>
         <input_file_ref idref="fl-cc"/>
      </object_component>
      <object_component id="oc-86">
         <name>.debug_pubtypes</name>
         <load_address>0x0</load_address>
         <run_address>0x0</run_address>
         <size>0x25c</size>
         <input_file_ref idref="fl-2"/>
      </object_component>
      <object_component id="oc-c8">
         <name>.debug_pubtypes</name>
         <load_address>0x25c</load_address>
         <run_address>0x25c</run_address>
         <size>0xff</size>
         <input_file_ref idref="fl-2"/>
      </object_component>
      <object_component id="oc-c3">
         <name>.debug_pubtypes</name>
         <load_address>0x35b</load_address>
         <run_address>0x35b</run_address>
         <size>0x330</size>
         <input_file_ref idref="fl-2"/>
      </object_component>
      <object_component id="oc-8b">
         <name>.debug_pubtypes</name>
         <load_address>0x68b</load_address>
         <run_address>0x68b</run_address>
         <size>0xaa</size>
         <input_file_ref idref="fl-2"/>
      </object_component>
      <object_component id="oc-49">
         <name>.debug_pubtypes</name>
         <load_address>0x735</load_address>
         <run_address>0x735</run_address>
         <size>0xed</size>
         <input_file_ref idref="fl-3"/>
      </object_component>
      <object_component id="oc-14b">
         <name>.debug_pubtypes</name>
         <load_address>0x822</load_address>
         <run_address>0x822</run_address>
         <size>0x1c6</size>
         <input_file_ref idref="fl-ca"/>
      </object_component>
      <object_component id="oc-180">
         <name>.debug_pubtypes</name>
         <load_address>0x9e8</load_address>
         <run_address>0x9e8</run_address>
         <size>0x28</size>
         <input_file_ref idref="fl-cc"/>
      </object_component>
   </object_component_list>
   <logical_group_list>
      <logical_group id="lg-3" display="no" color="cyan">
         <name>.intvecs</name>
         <load_address>0x0</load_address>
         <run_address>0x0</run_address>
         <size>0x26c</size>
         <contents>
            <object_component_ref idref="oc-12"/>
         </contents>
      </logical_group>
      <logical_group id="lg-4" display="no" color="cyan">
         <name>.text</name>
         <load_address>0x26c</load_address>
         <run_address>0x26c</run_address>
         <size>0x39c</size>
         <contents>
            <object_component_ref idref="oc-b0"/>
            <object_component_ref idref="oc-f5"/>
            <object_component_ref idref="oc-33"/>
            <object_component_ref idref="oc-e3"/>
            <object_component_ref idref="oc-dd"/>
            <object_component_ref idref="oc-65"/>
            <object_component_ref idref="oc-151"/>
            <object_component_ref idref="oc-e9"/>
            <object_component_ref idref="oc-ef"/>
            <object_component_ref idref="oc-fb"/>
            <object_component_ref idref="oc-102"/>
            <object_component_ref idref="oc-27"/>
            <object_component_ref idref="oc-101"/>
            <object_component_ref idref="oc-aa"/>
            <object_component_ref idref="oc-109"/>
            <object_component_ref idref="oc-39"/>
            <object_component_ref idref="oc-2d"/>
         </contents>
      </logical_group>
      <logical_group id="lg-5" display="no" color="cyan">
         <name>.const</name>
         <run_address>0x0</run_address>
         <size>0x0</size>
         <contents>
         </contents>
      </logical_group>
      <logical_group id="lg-6" display="no" color="cyan">
         <name>.cinit</name>
         <run_address>0x0</run_address>
         <size>0x0</size>
         <contents>
         </contents>
      </logical_group>
      <logical_group id="lg-7" display="no" color="cyan">
         <name>.pinit</name>
         <run_address>0x0</run_address>
         <size>0x0</size>
         <contents>
         </contents>
      </logical_group>
      <logical_group id="lg-8" display="no" color="cyan">
         <name>.init_array</name>
         <run_address>0x0</run_address>
         <size>0x0</size>
         <contents>
         </contents>
      </logical_group>
      <logical_group id="lg-9" display="no" color="cyan">
         <name>.vtable</name>
         <run_address>0x0</run_address>
         <size>0x0</size>
         <contents>
         </contents>
      </logical_group>
      <logical_group id="lg-a" display="no" color="cyan">
         <name>.data</name>
         <run_address>0x0</run_address>
         <size>0x0</size>
         <contents>
         </contents>
      </logical_group>
      <logical_group id="lg-b" display="no" color="cyan">
         <name>.bss</name>
         <run_address>0x0</run_address>
         <size>0x0</size>
         <contents>
         </contents>
      </logical_group>
      <logical_group id="lg-c" display="no" color="cyan">
         <name>.sysmem</name>
         <run_address>0x0</run_address>
         <size>0x0</size>
         <contents>
         </contents>
      </logical_group>
      <logical_group id="lg-d" display="no" color="cyan">
         <name>.stack</name>
         <run_address>0x20000000</run_address>
         <size>0x200</size>
         <contents>
            <object_component_ref idref="oc-24"/>
            <object_component_ref idref="oc-1e2"/>
         </contents>
      </logical_group>
      <logical_group id="lg-1b7" display="no" color="cyan">
         <name>.TI.noinit</name>
         <run_address>0x0</run_address>
         <size>0x0</size>
         <contents>
         </contents>
      </logical_group>
      <logical_group id="lg-1b8" display="no" color="cyan">
         <name>.TI.persistent</name>
         <run_address>0x0</run_address>
         <size>0x0</size>
         <contents>
         </contents>
      </logical_group>
      <logical_group id="lg-1b9" display="no" color="cyan">
         <name>__llvm_prf_cnts</name>
         <run_address>0x20000000</run_address>
         <size>0x0</size>
         <contents>
         </contents>
      </logical_group>
      <logical_group id="lg-1c8" display="never" color="cyan">
         <name>.debug_info</name>
         <load_address>0x0</load_address>
         <run_address>0x0</run_address>
         <size>0x38f1</size>
         <contents>
            <object_component_ref idref="oc-cc"/>
            <object_component_ref idref="oc-b1"/>
            <object_component_ref idref="oc-85"/>
            <object_component_ref idref="oc-c7"/>
            <object_component_ref idref="oc-c2"/>
            <object_component_ref idref="oc-8a"/>
            <object_component_ref idref="oc-41"/>
            <object_component_ref idref="oc-13"/>
            <object_component_ref idref="oc-29"/>
            <object_component_ref idref="oc-2e"/>
            <object_component_ref idref="oc-3b"/>
            <object_component_ref idref="oc-34"/>
            <object_component_ref idref="oc-48"/>
            <object_component_ref idref="oc-25"/>
            <object_component_ref idref="oc-69"/>
            <object_component_ref idref="oc-ab"/>
            <object_component_ref idref="oc-10c"/>
            <object_component_ref idref="oc-158"/>
            <object_component_ref idref="oc-104"/>
            <object_component_ref idref="oc-153"/>
            <object_component_ref idref="oc-f7"/>
            <object_component_ref idref="oc-ea"/>
            <object_component_ref idref="oc-f0"/>
            <object_component_ref idref="oc-fc"/>
            <object_component_ref idref="oc-14a"/>
            <object_component_ref idref="oc-14f"/>
            <object_component_ref idref="oc-e4"/>
            <object_component_ref idref="oc-de"/>
            <object_component_ref idref="oc-17f"/>
            <object_component_ref idref="oc-1e3"/>
         </contents>
      </logical_group>
      <logical_group id="lg-1ca" display="never" color="cyan">
         <name>.debug_line</name>
         <load_address>0x0</load_address>
         <run_address>0x0</run_address>
         <size>0xd4b</size>
         <contents>
            <object_component_ref idref="oc-148"/>
            <object_component_ref idref="oc-b5"/>
            <object_component_ref idref="oc-88"/>
            <object_component_ref idref="oc-ca"/>
            <object_component_ref idref="oc-c5"/>
            <object_component_ref idref="oc-8d"/>
            <object_component_ref idref="oc-84"/>
            <object_component_ref idref="oc-40"/>
            <object_component_ref idref="oc-28"/>
            <object_component_ref idref="oc-31"/>
            <object_component_ref idref="oc-3a"/>
            <object_component_ref idref="oc-37"/>
            <object_component_ref idref="oc-4b"/>
            <object_component_ref idref="oc-7e"/>
            <object_component_ref idref="oc-67"/>
            <object_component_ref idref="oc-ae"/>
            <object_component_ref idref="oc-10e"/>
            <object_component_ref idref="oc-186"/>
            <object_component_ref idref="oc-103"/>
            <object_component_ref idref="oc-152"/>
            <object_component_ref idref="oc-f6"/>
            <object_component_ref idref="oc-ee"/>
            <object_component_ref idref="oc-f4"/>
            <object_component_ref idref="oc-100"/>
            <object_component_ref idref="oc-14d"/>
            <object_component_ref idref="oc-17e"/>
            <object_component_ref idref="oc-e7"/>
            <object_component_ref idref="oc-e1"/>
            <object_component_ref idref="oc-182"/>
         </contents>
      </logical_group>
      <logical_group id="lg-1cc" display="never" color="cyan">
         <name>.debug_frame</name>
         <load_address>0x0</load_address>
         <run_address>0x0</run_address>
         <size>0x6d2</size>
         <contents>
            <object_component_ref idref="oc-b4"/>
            <object_component_ref idref="oc-2c"/>
            <object_component_ref idref="oc-32"/>
            <object_component_ref idref="oc-3e"/>
            <object_component_ref idref="oc-38"/>
            <object_component_ref idref="oc-66"/>
            <object_component_ref idref="oc-af"/>
            <object_component_ref idref="oc-10b"/>
            <object_component_ref idref="oc-107"/>
            <object_component_ref idref="oc-156"/>
            <object_component_ref idref="oc-fa"/>
            <object_component_ref idref="oc-ed"/>
            <object_component_ref idref="oc-f3"/>
            <object_component_ref idref="oc-ff"/>
            <object_component_ref idref="oc-e8"/>
            <object_component_ref idref="oc-e2"/>
         </contents>
      </logical_group>
      <logical_group id="lg-1ce" display="never" color="cyan">
         <name>.debug_abbrev</name>
         <load_address>0x0</load_address>
         <run_address>0x0</run_address>
         <size>0x9f4</size>
         <contents>
            <object_component_ref idref="oc-147"/>
            <object_component_ref idref="oc-108"/>
            <object_component_ref idref="oc-87"/>
            <object_component_ref idref="oc-c9"/>
            <object_component_ref idref="oc-c4"/>
            <object_component_ref idref="oc-8c"/>
            <object_component_ref idref="oc-83"/>
            <object_component_ref idref="oc-3f"/>
            <object_component_ref idref="oc-7f"/>
            <object_component_ref idref="oc-80"/>
            <object_component_ref idref="oc-82"/>
            <object_component_ref idref="oc-81"/>
            <object_component_ref idref="oc-4a"/>
            <object_component_ref idref="oc-7d"/>
            <object_component_ref idref="oc-b7"/>
            <object_component_ref idref="oc-dc"/>
            <object_component_ref idref="oc-15d"/>
            <object_component_ref idref="oc-185"/>
            <object_component_ref idref="oc-15c"/>
            <object_component_ref idref="oc-184"/>
            <object_component_ref idref="oc-15a"/>
            <object_component_ref idref="oc-157"/>
            <object_component_ref idref="oc-159"/>
            <object_component_ref idref="oc-15b"/>
            <object_component_ref idref="oc-14c"/>
            <object_component_ref idref="oc-17d"/>
            <object_component_ref idref="oc-150"/>
            <object_component_ref idref="oc-149"/>
            <object_component_ref idref="oc-181"/>
            <object_component_ref idref="oc-1e4"/>
         </contents>
      </logical_group>
      <logical_group id="lg-1d0" display="never" color="cyan">
         <name>.debug_str</name>
         <load_address>0x0</load_address>
         <run_address>0x0</run_address>
         <size>0xd56</size>
         <contents>
            <object_component_ref idref="oc-89"/>
            <object_component_ref idref="oc-cb"/>
            <object_component_ref idref="oc-c6"/>
            <object_component_ref idref="oc-8e"/>
            <object_component_ref idref="oc-4c"/>
            <object_component_ref idref="oc-14e"/>
            <object_component_ref idref="oc-183"/>
         </contents>
      </logical_group>
      <logical_group id="lg-1d2" display="never" color="cyan">
         <name>.debug_aranges</name>
         <load_address>0x0</load_address>
         <run_address>0x0</run_address>
         <size>0x200</size>
         <contents>
            <object_component_ref idref="oc-b2"/>
            <object_component_ref idref="oc-2b"/>
            <object_component_ref idref="oc-2f"/>
            <object_component_ref idref="oc-3d"/>
            <object_component_ref idref="oc-35"/>
            <object_component_ref idref="oc-68"/>
            <object_component_ref idref="oc-ac"/>
            <object_component_ref idref="oc-10a"/>
            <object_component_ref idref="oc-105"/>
            <object_component_ref idref="oc-154"/>
            <object_component_ref idref="oc-f8"/>
            <object_component_ref idref="oc-eb"/>
            <object_component_ref idref="oc-f1"/>
            <object_component_ref idref="oc-fd"/>
            <object_component_ref idref="oc-e6"/>
            <object_component_ref idref="oc-e0"/>
         </contents>
      </logical_group>
      <logical_group id="lg-1d4" display="never" color="cyan">
         <name>.debug_pubnames</name>
         <load_address>0x0</load_address>
         <run_address>0x0</run_address>
         <size>0x28f</size>
         <contents>
            <object_component_ref idref="oc-b3"/>
            <object_component_ref idref="oc-14"/>
            <object_component_ref idref="oc-2a"/>
            <object_component_ref idref="oc-30"/>
            <object_component_ref idref="oc-3c"/>
            <object_component_ref idref="oc-36"/>
            <object_component_ref idref="oc-26"/>
            <object_component_ref idref="oc-6a"/>
            <object_component_ref idref="oc-ad"/>
            <object_component_ref idref="oc-10d"/>
            <object_component_ref idref="oc-106"/>
            <object_component_ref idref="oc-155"/>
            <object_component_ref idref="oc-f9"/>
            <object_component_ref idref="oc-ec"/>
            <object_component_ref idref="oc-f2"/>
            <object_component_ref idref="oc-fe"/>
            <object_component_ref idref="oc-e5"/>
            <object_component_ref idref="oc-df"/>
         </contents>
      </logical_group>
      <logical_group id="lg-1d6" display="never" color="cyan">
         <name>.debug_pubtypes</name>
         <load_address>0x0</load_address>
         <run_address>0x0</run_address>
         <size>0xa10</size>
         <contents>
            <object_component_ref idref="oc-86"/>
            <object_component_ref idref="oc-c8"/>
            <object_component_ref idref="oc-c3"/>
            <object_component_ref idref="oc-8b"/>
            <object_component_ref idref="oc-49"/>
            <object_component_ref idref="oc-14b"/>
            <object_component_ref idref="oc-180"/>
         </contents>
      </logical_group>
      <logical_group id="lg-1e1" display="no" color="cyan">
         <name>Veneer$$CMSE</name>
         <run_address>0x0</run_address>
         <size>0x0</size>
         <contents>
         </contents>
      </logical_group>
      <load_segment id="lg-1e5" display="no" color="cyan">
         <name>SEGMENT_0</name>
         <load_address>0x0</load_address>
         <run_address>0x0</run_address>
         <size>0x608</size>
         <flags>0x5</flags>
         <contents>
            <logical_group_ref idref="lg-3"/>
            <logical_group_ref idref="lg-4"/>
         </contents>
      </load_segment>
      <load_segment id="lg-1e6" display="no" color="cyan">
         <name>SEGMENT_1</name>
         <run_address>0x20000000</run_address>
         <size>0x200</size>
         <flags>0x6</flags>
         <contents>
            <logical_group_ref idref="lg-d"/>
         </contents>
      </load_segment>
   </logical_group_list>
   <placement_map>
      <memory_area display="yes" color="green">
         <name>FLASH</name>
         <page_id>0x0</page_id>
         <origin>0x0</origin>
         <length>0x40000</length>
         <used_space>0x608</used_space>
         <unused_space>0x3f9f8</unused_space>
         <attributes>RX</attributes>
         <usage_details>
            <allocated_space>
               <start_address>0x0</start_address>
               <size>0x26c</size>
               <logical_group_ref idref="lg-3"/>
            </allocated_space>
            <allocated_space>
               <start_address>0x26c</start_address>
               <size>0x39c</size>
               <logical_group_ref idref="lg-4"/>
            </allocated_space>
            <available_space>
               <start_address>0x608</start_address>
               <size>0x3f9f8</size>
            </available_space>
         </usage_details>
      </memory_area>
      <memory_area display="yes" color="green">
         <name>SRAM</name>
         <page_id>0x0</page_id>
         <origin>0x20000000</origin>
         <length>0x8000</length>
         <used_space>0x200</used_space>
         <unused_space>0x7e00</unused_space>
         <attributes>RWX</attributes>
         <usage_details>
            <allocated_space>
               <start_address>0x20000000</start_address>
               <size>0x0</size>
               <logical_group_ref idref="lg-1b9"/>
            </allocated_space>
            <allocated_space>
               <start_address>0x20000000</start_address>
               <size>0x200</size>
               <logical_group_ref idref="lg-d"/>
            </allocated_space>
            <available_space>
               <start_address>0x20000200</start_address>
               <size>0x7e00</size>
            </available_space>
         </usage_details>
      </memory_area>
   </placement_map>
   <symbol_table>
      <symbol id="sm-1">
         <name>__STACK_TOP</name>
         <value>0x20000200</value>
      </symbol>
      <symbol id="sm-2">
         <name>__start___llvm_prf_cnts</name>
         <value>0x20000000</value>
      </symbol>
      <symbol id="sm-3">
         <name>__stop___llvm_prf_cnts</name>
         <value>0x20000000</value>
      </symbol>
      <symbol id="sm-4">
         <name>binit</name>
         <value>0xffffffff</value>
      </symbol>
      <symbol id="sm-5">
         <name>__binit__</name>
         <value>0xffffffff</value>
      </symbol>
      <symbol id="sm-6">
         <name>__STACK_SIZE</name>
         <value>0x200</value>
      </symbol>
      <symbol id="sm-7">
         <name>__STACK_END</name>
         <value>0x20000200</value>
      </symbol>
      <symbol id="sm-8">
         <name>__c_args__</name>
         <value>0xffffffff</value>
      </symbol>
      <symbol id="sm-9">
         <name>__TI_pprof_out_hndl</name>
         <value>0xffffffff</value>
      </symbol>
      <symbol id="sm-a">
         <name>__TI_prof_data_start</name>
         <value>0xffffffff</value>
      </symbol>
      <symbol id="sm-b">
         <name>__TI_prof_data_size</name>
         <value>0xffffffff</value>
      </symbol>
      <symbol id="sm-c">
         <name>__TI_static_base__</name>
         <value>0x0</value>
      </symbol>
      <symbol id="sm-55">
         <name>main</name>
         <value>0x26d</value>
         <object_component_ref idref="oc-b0"/>
      </symbol>
      <symbol id="sm-8b">
         <name>ResetISR</name>
         <value>0x5f1</value>
         <object_component_ref idref="oc-27"/>
      </symbol>
      <symbol id="sm-8c">
         <name>g_pfnVectors</name>
         <value>0x0</value>
         <object_component_ref idref="oc-12"/>
      </symbol>
      <symbol id="sm-a2">
         <name>_c_int00_noinit_noargs</name>
         <value>0x565</value>
         <object_component_ref idref="oc-65"/>
      </symbol>
      <symbol id="sm-a3">
         <name>__stack</name>
         <value>0x20000000</value>
         <object_component_ref idref="oc-24"/>
      </symbol>
      <symbol id="sm-b0">
         <name>_system_pre_init</name>
         <value>0x5fd</value>
         <object_component_ref idref="oc-aa"/>
      </symbol>
      <symbol id="sm-bc">
         <name>C$$EXIT</name>
         <value>0x601</value>
         <object_component_ref idref="oc-109"/>
      </symbol>
      <symbol id="sm-bd">
         <name>abort</name>
         <value>0x601</value>
         <object_component_ref idref="oc-109"/>
      </symbol>
      <symbol id="sm-fb">
         <name>GPIOPinTypeGPIOInput</name>
         <value>0x5d3</value>
         <object_component_ref idref="oc-ef"/>
      </symbol>
      <symbol id="sm-fc">
         <name>GPIOPinTypeGPIOOutput</name>
         <value>0x5bb</value>
         <object_component_ref idref="oc-e9"/>
      </symbol>
      <symbol id="sm-fd">
         <name>GPIOPinRead</name>
         <value>0x5e5</value>
         <object_component_ref idref="oc-fb"/>
      </symbol>
      <symbol id="sm-fe">
         <name>GPIODirModeSet</name>
         <value>0x591</value>
         <object_component_ref idref="oc-151"/>
      </symbol>
      <symbol id="sm-ff">
         <name>GPIOPinWrite</name>
         <value>0x5eb</value>
         <object_component_ref idref="oc-102"/>
      </symbol>
      <symbol id="sm-100">
         <name>GPIOPadConfigSet</name>
         <value>0x3c5</value>
         <object_component_ref idref="oc-f5"/>
      </symbol>
      <symbol id="sm-122">
         <name>SysCtlDelay</name>
         <value>0x5f7</value>
         <object_component_ref idref="oc-101"/>
      </symbol>
      <symbol id="sm-123">
         <name>SysCtlPeripheralEnable</name>
         <value>0x531</value>
         <object_component_ref idref="oc-dd"/>
      </symbol>
      <symbol id="sm-124">
         <name>SysCtlPeripheralReady</name>
         <value>0x4f9</value>
         <object_component_ref idref="oc-e3"/>
      </symbol>
      <symbol id="sm-126">
         <name>__mpu_init</name>
         <value>0x0</value>
      </symbol>
   </symbol_table>
   <title>Link successful</title>
</link_info>
